SL,query,ndcg_metric,top_model,highest_ndcg_score,final_answer_gpt,relevance_gpt,faithfulness_gpt,final_answer_lama,relevance_lama,faithfulness_lama
1,Are gas prices too high?,_ndcg@1,Clip,1.0,"Based on the data provided, gas prices were generally lower in June 2020 compared to June 2019 across the selected countries. Therefore, it would not be accurate to say that gas prices are ""too high"" during this period, given the overall trend of declining prices.

The image shows a consistent decline in gasoline prices ranging from approximately 6% to over 20% across the selected countries. Specifically, the United States saw the most significant decrease of 23.4%, followed by drops in the United Kingdom, Germany, Canada, Spain, France, Italy, and Japan. These significant reductions highlight the impact of various influential factors such as the global decline in crude oil prices, market demand fluctuations, and possibly the economic impacts of global events such as the COVID-19 pandemic. For instance, reduced travel and industrial activity during the pandemic contributed to a surplus in crude oil supply, consequently driving gasoline prices downwards.

In conclusion, based on the statistical analysis and the provided data, gasoline prices were not high during the time frame from June 2019 to June 2020, as significant reductions were observed globally across the selected countries. This suggests a favorable scenario for consumers during this period concerning gasoline affordability.",2,3,"Determining whether gas prices are too high depends on various factors, including regional taxes, subsidies, and global market conditions. A straightforward answer would be that gas prices fluctuate and can be considered too high in some regions, particularly in European countries and Japan, where taxes on gasoline are typically higher.

Statistical analysis of the provided data reveals that, from June 2019 to June 2020, the price of gasoline decreased in several countries, including the United States (23.4% decrease), Canada (12.1% decrease), and Japan (10.6% decrease). Conversely, prices increased in countries such as France (1.7% increase), Germany (2.3% increase), and Italy (4.1% increase). These changes can be attributed to various factors, including fluctuations in crude oil prices, demand, and regional taxation policies. For instance, the United States, which has a relatively low tax rate on gasoline, experienced a significant decrease in prices, while European countries, with higher tax rates, saw increases or smaller decreases.

In conclusion, whether gas prices are too high depends on the regional context and various market factors. Globally, gas prices are influenced by a complex interplay of crude oil prices, taxes, subsidies, and demand. While some countries, such as the United States, may consider their gas prices reasonable due to subsidies and low taxes, others, like European countries and Japan, may view their prices as too high due to higher taxation rates.",1,3
2,Are gas prices too high?,_ndcg@1,Clip,1.0,"Based on the data provided, gas prices were generally lower in June 2020 compared to June 2019 across the selected countries. Therefore, it would not be accurate to say that gas prices are ""too high"" during this period, given the overall trend of declining prices.

The image shows a consistent decline in gasoline prices ranging from approximately 6% to over 20% across the selected countries. Specifically, the United States saw the most significant decrease of 23.4%, followed by drops in the United Kingdom, Germany, Canada, Spain, France, Italy, and Japan. These significant reductions highlight the impact of various influential factors such as the global decline in crude oil prices, market demand fluctuations, and possibly the economic impacts of global events such as the COVID-19 pandemic. For instance, reduced travel and industrial activity during the pandemic contributed to a surplus in crude oil supply, consequently driving gasoline prices downwards.

In conclusion, based on the statistical analysis and the provided data, gasoline prices were not high during the time frame from June 2019 to June 2020, as significant reductions were observed globally across the selected countries. This suggests a favorable scenario for consumers during this period concerning gasoline affordability.",2,3,"Determining whether gas prices are too high depends on various factors, including regional taxes, subsidies, and global market conditions. A straightforward answer would be that gas prices fluctuate and can be considered too high in some regions, particularly in European countries and Japan, where taxes on gasoline are typically higher.

Statistical analysis of the provided data reveals that, from June 2019 to June 2020, the price of gasoline decreased in several countries, including the United States (23.4% decrease), Canada (12.1% decrease), and Japan (10.6% decrease). Conversely, prices increased in countries such as France (1.7% increase), Germany (2.3% increase), and Italy (4.1% increase). These changes can be attributed to various factors, including fluctuations in crude oil prices, demand, and regional taxation policies. For instance, the United States, which has a relatively low tax rate on gasoline, experienced a significant decrease in prices, while European countries, with higher tax rates, saw increases or smaller decreases.

In conclusion, whether gas prices are too high depends on the regional context and various market factors. Globally, gas prices are influenced by a complex interplay of crude oil prices, taxes, subsidies, and demand. While some countries, such as the United States, may consider their gas prices reasonable due to subsidies and low taxes, others, like European countries and Japan, may view their prices as too high due to higher taxation rates.",1,3
3,Are gas prices too high?,_ndcg@2,Clip,1.0,"Based on the data presented, it does not appear that gas prices are excessively high. The first chart illustrates a decrease in gasoline prices across several selected countries from June 2019 to June 2020. All the countries listed experienced a reduction in gasoline prices, with the United States seeing the most significant drop at approximately 23.4%. Other notable decreases include Japan, Italy, France, and Spain, all showing similar reductions in gasoline prices. This widespread decrease suggests that, relative to the period before, gasoline prices have generally been more affordable.

Examining the detailed figures, the United States noted a substantial decline of 23.4%, indicating strong depreciation in fuel prices during the specified period. Even in countries traditionally known for high gasoline taxes, such as Germany, the United Kingdom, and Japan, prices fell visibly. The reducement in gas prices can be primarily aligned with the global decline in crude oil prices, which were heavily influenced by decreased demand due to the COVID-19 pandemic and subsequent lockdowns worldwide. The factors impacting these prices include lower demand, revised production policies, and international economic conditions, which all contribute to the observed trend.

To conclude, from a global perspective, gasoline prices have tended to decrease rather than increase, reflecting lower crude oil prices and stalling demand caused by the pandemic. The noted declines across multiple countries signify that gas prices, at least during the period in question, were not too high by historical standards. Instead, they were significantly lower, contributing to a less burdening impact on consumers' financial outlays for fuel.",3,3,"Based on the provided data, it can be classified that gas prices are not uniformly high across all countries. The change in gasoline prices per liter in selected countries from June 2019 to June 2020 shows a decrease of 23.4% in the United States, while other countries like France, Germany, Italy, Spain, and the United Kingdom had varying degrees of price changes, including increases.

A detailed analysis of the data reveals that the gasoline price per liter in the U.S. decreased by 23.4% from June 2019 to June 2020, which can be attributed to the decrease in crude oil prices, as well as the lower taxes on gasoline in the country. In contrast, countries like France, Germany, Italy, Spain, and the United Kingdom had higher taxes on gasoline, which contributed to their higher prices. Additionally, the exchange rate of the U.S. dollar to other currencies, such as the Russian Ruble, can also impact the price of gasoline. The appreciation of the U.S. dollar against the Russian Ruble from 2014 to 2020, for example, can make oil imports more expensive for countries like Russia, leading to higher gasoline prices. The data also highlights the impact of demand on gasoline prices, with higher demand during summer months or holiday seasons leading to higher prices.

In conclusion, while gas prices may be high in some countries, they are not uniformly high across all countries. The data suggests that prices are influenced by a complex array of factors, including crude oil prices, taxes, currency exchange rates, and demand. From a global perspective, the volatility of gas prices underscores the need for countries to develop diverse energy sources and implement policies to mitigate price fluctuations.",2,3
4,Are gas prices too high?,_ndcg@2,Clip,1.0,"Based on the data presented, it does not appear that gas prices are excessively high. The first chart illustrates a decrease in gasoline prices across several selected countries from June 2019 to June 2020. All the countries listed experienced a reduction in gasoline prices, with the United States seeing the most significant drop at approximately 23.4%. Other notable decreases include Japan, Italy, France, and Spain, all showing similar reductions in gasoline prices. This widespread decrease suggests that, relative to the period before, gasoline prices have generally been more affordable.

Examining the detailed figures, the United States noted a substantial decline of 23.4%, indicating strong depreciation in fuel prices during the specified period. Even in countries traditionally known for high gasoline taxes, such as Germany, the United Kingdom, and Japan, prices fell visibly. The reducement in gas prices can be primarily aligned with the global decline in crude oil prices, which were heavily influenced by decreased demand due to the COVID-19 pandemic and subsequent lockdowns worldwide. The factors impacting these prices include lower demand, revised production policies, and international economic conditions, which all contribute to the observed trend.

To conclude, from a global perspective, gasoline prices have tended to decrease rather than increase, reflecting lower crude oil prices and stalling demand caused by the pandemic. The noted declines across multiple countries signify that gas prices, at least during the period in question, were not too high by historical standards. Instead, they were significantly lower, contributing to a less burdening impact on consumers' financial outlays for fuel.",3,3,"Based on the provided data, it can be classified that gas prices are not uniformly high across all countries. The change in gasoline prices per liter in selected countries from June 2019 to June 2020 shows a decrease of 23.4% in the United States, while other countries like France, Germany, Italy, Spain, and the United Kingdom had varying degrees of price changes, including increases.

A detailed analysis of the data reveals that the gasoline price per liter in the U.S. decreased by 23.4% from June 2019 to June 2020, which can be attributed to the decrease in crude oil prices, as well as the lower taxes on gasoline in the country. In contrast, countries like France, Germany, Italy, Spain, and the United Kingdom had higher taxes on gasoline, which contributed to their higher prices. Additionally, the exchange rate of the U.S. dollar to other currencies, such as the Russian Ruble, can also impact the price of gasoline. The appreciation of the U.S. dollar against the Russian Ruble from 2014 to 2020, for example, can make oil imports more expensive for countries like Russia, leading to higher gasoline prices. The data also highlights the impact of demand on gasoline prices, with higher demand during summer months or holiday seasons leading to higher prices.

In conclusion, while gas prices may be high in some countries, they are not uniformly high across all countries. The data suggests that prices are influenced by a complex array of factors, including crude oil prices, taxes, currency exchange rates, and demand. From a global perspective, the volatility of gas prices underscores the need for countries to develop diverse energy sources and implement policies to mitigate price fluctuations.",2,3
5,Are gas prices too high?,_ndcg@1,BM25,0.6,"Based on the provided data, it is evident that gas prices vary significantly across different countries, with some countries experiencing notably high prices. Therefore, whether gas prices are too high is subjective and depends on the specific country in question.

Examining the data reveals that Switzerland had the highest natural gas prices for the industry in 2019, at approximately 67 U.S. dollars per megawatt hour, which is significantly higher than the global average. In comparison, the United States had much lower prices, standing at just 13 U.S. dollars per megawatt hour. Other countries with high natural gas prices included Finland at 50.1 U.S. dollars and Korea at 43.2 U.S. dollars per megawatt hour. These discrepancies in prices can be attributed to various factors such as local demand and supply conditions, market regulations, and the extent of dependency on supply sources.

Conclusively, from a global perspective, the natural gas prices in some countries, particularly Switzerland and Finland, can be considered high when compared to nations like the United States and Canada, where prices are relatively low. This disparity highlights the variance in energy costs, emphasizing the need for tailored energy policies and market strategies to address local conditions and ensure economic competitiveness.",3,1,"Based on the provided data, gas prices vary significantly worldwide, with some countries experiencing higher prices than others. However, whether gas prices are ""too high"" is subjective and depends on individual perspectives, industry standards, and regional market conditions.

A closer examination of the data reveals that Switzerland has the highest natural gas prices for industry, at approximately $67 per megawatt hour, while the United States has a significantly lower price of $13 per megawatt hour. This disparity suggests that gas prices are influenced by regional market conditions, such as supply and demand trends, rather than a single global benchmark. The correlation between natural gas prices and crude oil markets also plays a role in determining prices, although the US market has decoupled from oil markets in recent years. Additionally, the split between the financial and physical markets in the US adds complexity to price determination.

In conclusion, gas prices are not universally ""too high"" as they vary by country and region. However, from a global perspective, the data suggests that gas prices are driven by a complex interplay of supply and demand trends, regional market conditions, and correlations with other energy markets. As the world's largest natural gas consumers, the US, Russia, and China have a significant impact on global demand and prices. As global energy demand continues to evolve, it will be essential to monitor regional market conditions and their impact on gas prices to understand whether prices are indeed ""too high"" or simply reflective of market realities.",1,3
6,Are gas prices too high?,_ndcg@2,Mistral,0.6503152565139766,"Yes, current gas prices appear to be high by historical standards.

Supporting findings from the provided Pew Research Center/Washington Post survey indicate that 31% of respondents attribute the recent increase in gas prices to oil companies' greed, speculation, and other related factors. Additionally, 19% of the participants cite the wars and unrest in the Middle East, especially in countries like Libya, as a significant reason for the uptick in gasoline prices. Another 14% believe that political and national policies play a crucial role in this escalation. These varied reasons underline the multitude of factors influencing gas prices, many of which pertain to international geopolitical situations and domestic economic policies.

Examining the statistics related to historical gas prices during times of crisis, the charts illustrate how significant global events have dramatically impacted gas prices in the past decades. During the Suez Crisis in 1956, the price was 249.9 cents per gallon. This decreased to 198.9 cents during the OPEC embargo in 1973 and further to 189.9 cents during the Gulf War in 1991. In comparison, during the concerns over Iran in 2011, the price surged to 350.9 cents per gallon, reflecting a significant increase. This data showcases how geopolitical instability directly contributes to rising fuel prices, leading to higher costs compared to historic averages.

In conclusion, based on both the current perceptions and historical price analysis, it is evident that gas prices are high at present. The combination of factors such as corporate actions, geopolitical unrest, and policy impacts continues to pressure gasoline prices, making them substantially elevated when compared to previous decades. This trend mirrors a broader global issue where economic and political crises tend to exacerbate fuel prices universally.",2,3,"Based on the provided data, it can be classified that a significant proportion of the public perceives gas prices to be high due to non-market factors such as greed, oil companies, or speculation, while others attribute it to geopolitical events, wars, or national policies.

According to the Pew Research Center/Washington Post survey, 31% of adults believe that greed, oil companies, or speculation are the primary reasons for the recent increase in gas prices. This perception suggests that many people think that the current prices are not solely driven by market forces, but rather by the pursuit of profits by oil companies or speculative activities. On the other hand, 19% of respondents attribute the rising fuel prices to the ongoing wars or unrest in Libya and elsewhere in the Middle East, indicating that some individuals recognize the impact of global events on the oil market. Furthermore, historical data on average annual U.S. gasoline prices during times of crisis between 1956 and 2011 shows that gas prices have varied significantly over time, influenced by global events, economic conditions, and policy decisions.

In conclusion, the perceived high gas prices are influenced by a combination of market and non-market factors, including global events, economic conditions, and human perceptions of corporate behavior. From a global perspective, the volatility of oil prices is likely to continue, driven by a complex interplay of supply and demand, geopolitical events, and market speculation. As a result, gas prices are likely to remain a subject of public concern and debate in the foreseeable future.",3,3
