SL,query,ndcg_metric,top_model,highest_ndcg_score,final_answer_gpt,relevance_gpt,faithfulness_gpt,final_answer_lama,relevance_lama,faithfulness_lama,annotator_name
1,Are gas prices too high?,_ndcg@1,Clip,0.8,"Assessing whether gas prices are too high is a complex question that depends largely on the perspective being considered. If we look at the trends from June 2019 to June 2020, gasoline prices generally decreased across several selected countries. 

From the provided data, the United States experienced the most substantial decrease in gasoline prices at -23.4%, followed by the United Kingdom with a drop of approximately -17.5%. Canada, Germany, Spain, France, Italy, and Japan also saw price reductions ranging between -12.5% to -8%. The global pandemic significantly reduced the demand for gasoline due to lockdowns and reduced travel, leading to decreased prices worldwide. In countries like the United States, which already has relatively lower gasoline prices due to subsidies, the impact is more pronounced. Factors influencing these changes include lower crude oil prices, decreased demand, and varying national taxation policies.

In conclusion, while the sharp decrease in gasoline prices from June 2019 to June 2020 suggests that prices are currently lower than they were a year ago, high or low is relative to various economic factors, including historical prices, taxes, and global supply-demand dynamics. From a global perspective, the reduced prices indicate a temporary decline likely influenced by pandemic-related demand shifts, rather than a permanent reduction in gasoline costs.",2,3,"The classification of whether gas prices are too high is subjective and dependent on various factors, including the country, economic conditions, and personal circumstances. However, based on the provided data, it can be said that gas prices have fluctuated significantly across different countries between June 2019 and June 2020.

According to the data, the price of gasoline per liter in the United States was 23.4% lower in June 2020 compared to June 2019. In contrast, European countries such as France, Germany, Italy, Spain, and the United Kingdom, which have higher taxes on gasoline, have likely seen higher prices. For instance, the data shows that these countries have typically higher gasoline prices, with the UK pricing regular unleaded at around $1.5 per liter in June 2020. The global average price of gasoline is influenced by various factors, including crude oil prices, which account for a significant portion of the final cost. The data suggests that the crude oil price, which includes costs for exploration, extraction, and transport, is a critical determinant of gasoline prices worldwide. Additionally, national oil pricing policies, taxes, demand, and availability also impact the final price of gasoline. For example, countries like Saudi Arabia, Iran, Venezuela, Egypt, Malaysia, and Bolivia subsidize gasoline costs, resulting in lower prices for consumers.

In conclusion, whether gas prices are too high depends on various factors. However, from a global perspective, it can be said that gas prices are influenced by a combination of factors, including crude oil prices, national policies, taxes, and demand. While some countries have seen a decrease in gas prices, others continue to experience high prices due to various factors. Globally, the average gas price is likely to fluctuate based on these factors, and it is essential to consider these influences when assessing whether gas prices are too high.",2,3,shashi
2,Are gas prices too high?,_ndcg@2,Clip,0.6993694869720469,"Based on the provided data, gas prices are not universally high; instead, they have experienced significant variation across different countries between June 2019 and June 2020. For instance, in the United States, the gasoline price per liter decreased by 23.4% during this period. This trend is consistent for other countries as well, such as Japan, where the price decreased by just over 22%, and similar decreases are observed for Italy, France, Spain, Canada, Germany, and the United Kingdom, all ranging from about 13% to 7%.

Supporting findings indicate that the most considerable influences on these price changes are crude oil prices, processing and distribution costs, demand, strength of currencies, taxation, and availability. The decrease in prices observed may be attributed chiefly to the substantial decline in crude oil prices observed during the early months of the COVID-19 pandemic, which drastically reduced global demand for oil. Additionally, the U.S. dollar's strength relative to other currencies can affect the purchasing power and thus the cost of gasoline. Changes and fluctuations in the exchange rate, as shown in the second chart, also suggest the influence of global economic factors on local gasoline prices.

In conclusion, while certain regions have experienced significant decreases in gasoline prices between June 2019 and June 2020, the fluctuations depend heavily on a myriad of factors such as crude oil prices and economic conditions. Therefore, when addressing the query of whether gas prices are too high, it's essential to consider the economic context and country-specific factors rather than making a blanket statement globally.",3,1,"Whether gas prices are too high is subjective and depends on various factors, including the country, taxes, and global market conditions. However, based on the provided data, it can be argued that gas prices are relatively volatile and influenced by a multitude of factors.

The change in gas prices from June 2019 to June 2020 varied significantly across selected countries. While the price of gasoline per liter decreased by 23.4% in the United States, other countries experienced different trends. For instance, the same period saw a decrease of 14.1% in Japan and 13.4% in the United Kingdom. However, in some European countries, the decrease was less pronounced or even turned into an increase, such as in France, where the price dropped by only 6.2%. These fluctuations can be attributed to differing taxation policies, crude oil prices, and other regional factors. Additionally, the exchange rate of the US dollar to other currencies, such as the Russian Ruble, can also impact gas prices. For example, the significant depreciation of the Russian Ruble against the US dollar from 2014 to 2020 may have influenced the pricing of oil and subsequently, gasoline. This highlights the complexities involved in determining whether gas prices are too high, as the relationship between crude oil prices, taxation, and exchange rates plays a crucial role in shaping the final cost to consumers.

In conclusion, whether gas prices are too high depends on various national and global factors. While some countries experienced significant decreases in gas prices between 2019 and 2020, others witnessed more moderate changes. From a global perspective, it is essential to consider the interplay between crude oil prices, taxation policies, exchange rates, and demand when assessing the fairness of gas prices. A nuanced understanding of these factors can provide a more accurate evaluation of whether gas prices are indeed too high.",2,3,shashi
3,Do we need cash?,_ndcg@1,BM25,0.6666666666666666,"In response to the query, ""Do we need cash?"", the straightforward answer is not explicitly addressed in the provided title and content. However, based on the focus on the topic of developing media coverage for women's football, we can infer that financial investment might be essential. This conclusion aligns with the general need for resources in enhancing media footprint and engagement.

Analyzing the provided statistics in detail, we observe that a sizable majority of the French population (84%) are in favor of developing the media coverage of women's football, with 42% being entirely in favor and another 42% rather in favor. This strong positive sentiment implies substantial support, likely indicating the perceived benefits such endeavors would bring, potentially including increased viewership, enhanced visibility for female athletes, and overall growth of the sport. Only a minor fraction (16%) oppose or are not entirely persuaded by this initiative, split between 10% who are rather not in favor and 6% who are completely opposed. 

In conclusion, the overwhelming support from the French population suggests a robust case for further investment in the media coverage of women's football. While the question of needing ""cash"" can be indirectly linked to needing financial backing for such media development, the significant endorsement evident from the survey results shows that any required funds would likely be well-justified and supported by the public. Hence, in a global perspective, similar initiatives in other countries may also find favorable public support and, by extension, the need for financial investment in media coverage can be considered crucial for the endorsement and growth of women's football worldwide.",2,2,"No, this query does not pertain to the need for cash. Instead, it relates to the development of media coverage of women's football in France.

According to the provided statistic, more than 40% of the respondents in the 2015 survey stated that they were entirely in favor of developing the media coverage of women's football in France. This indicates a significant proportion of the French population supporting increased media attention for women's football. The support for women's football is often correlated with increased viewership, sponsorships, and overall growth of the sport. If 40% of the population is in favor, it is likely that there is a substantial market for women's football in France, warranting increased media coverage. Moreover, this level of support may encourage media outlets to devote more resources to covering women's football, potentially leading to a positive feedback loop where increased coverage generates even more interest and support.

In conclusion, the need for cash is not relevant to this query, whereas there appears to be a significant demand for increased media coverage of women's football in France, as evidenced by the 40% of respondents in favor of development. This suggests a potential market for women's football in France, warranting further investment in media coverage to tap into this demand. Globally, this finding may outlier the growing popularity of women's football, where increased media coverage can play a critical role in promoting the sport and fostering a more inclusive and diverse football culture.",1,2,Vijay
4,Does poverty cause crime?,_ndcg@1,BM25,0.8333333333333334,"Poverty alone does not directly cause crime, but there is a complex and multifaceted relationship between poverty and crime that cannot be ignored. The data from the U.S. in 2019 shows that places with high poverty rates, such as the District of Columbia, also have higher rates of violent crime. However, it is important to consider other influencing factors such as unemployment, population density, and social inequality.

In 2019, the District of Columbia had the highest reported violent crime rate in the United States at 1,049 violent crimes per 100,000 people, while Maine had the lowest at 115.2. The District of Columbia also has an extremely high poverty rate. This suggests a correlation between high poverty and high crime rates. However, correlational data cannot confirm causation, as other factors could also contribute to high crime rates. For instance, in the District of Columbia, the gentrification process has intensified the contrast between wealthy and impoverished areas, potentially pushing crime into surrounding areas as well.

In summary, while there is a noticeable correlation between poverty and crime rates in the United States, the relationship is intricate and influenced by numerous factors, including social, economic, and political elements. It is important to analyze and address these interconnected factors collectively to effectively reduce crime rates. Globally, similar trends can be observed, where areas with high poverty often experience higher rates of crime, but this relationship always involves additional, intertwined factors.",3,3,"The answer to the query is a nuanced one, as the relationship between poverty and crime is complex and influenced by various factors. However, based on the provided data, there is a correlation between poverty and crime rates.

The analysis of the reported violent crime rates in the U.S. in 2019 by state reveals some interesting patterns. The District of Columbia, which has an extremely high poverty rate, had the highest reported violent crime rate in the country, with 1,049 violent crimes per 100,000 of the population. On the other hand, Maine, which is likely to have a lower poverty rate compared to the District of Columbia, had the lowest reported violent crime rate, with 115.2 offenses per 100,000 of the population. This suggests that poverty may be a contributing factor to higher crime rates. Furthermore, the gentrification of certain areas in Washington, D.C. has exacerbated the wealth gap, pushing crime to the surrounding suburbs. This phenomenon suggests that poverty and crime are linked, as those who are struggling financially may be more likely to turn to crime as a means of survival.

In conclusion, while the relationship between poverty and crime is not straightforward, the data suggests that there is a correlation between the two. The high poverty rate in the District of Columbia, combined with its high crime rate, suggests that poverty may be a contributing factor to crime. From a global perspective, this trend is consistent with research that shows that poverty and inequality are linked to higher crime rates. Therefore, addressing poverty and income inequality may be a crucial step in reducing crime rates and creating safer communities worldwide.",1,3,dsdsfddsf
5,What is the projection of Global GDP?,_ndcg@1,Clip,0.8333333333333334,"The provided data does not offer a direct projection of the Global GDP, but insights from the seafood industry can be contextualized to understand its influence on the global economy. Based on the data, the global seafood market is poised for significant growth, contributing positively to Global GDP. 

In 2019, the European Union led fish and fishery product exports, with a value of 36.2 billion U.S. dollars, followed by China at 22.7 billion U.S. dollars. Norway, Vietnam, and Chile were also prominent exporters with values of 11.9 billion, 9.5 billion, and 6.7 billion U.S. dollars, respectively. This substantial economic activity in the seafood market indicates a significant sector contributing to international trade. The global seafood market itself is expected to grow from approximately 130 billion U.S. dollars in 2018 to around 155.32 billion U.S. dollars by 2023. Such considerable growth denotes a compound annual growth rate (CAGR) of about 3.64%, reflecting rising demand and production capabilities in the industry.

Summarily, factoring in the robust performance and positive growth projections of the seafood market, it's evident that sectors like these provide critical support to the global economy. They bolster the GDP of leading exporting countries, influence global trade balances, and stimulate economic activities within related industries such as logistics, processing, and retail. Such economic interconnections enhance the overall stability and growth prospects of Global GDP.",2,3,"The query regarding the projection of Global GDP cannot be directly answered based on the provided content, as the given data only pertains to the global seafood market and leading exporters of fish and fishery products.

However, based on the provided data, we can analyze the growth of the global seafood market. The global seafood market is projected to reach approximately 155.32 billion U.S. dollars in value by the year 2023, up from about 130 billion U.S. dollars in 2018. This represents a compound annual growth rate (CAGR) of around 3.5% from 2018 to 2023. Additionally, the European Union and China are the top exporters of fish and fishery products, accounting for 36.2 billion U.S. dollars and 22.7 billion U.S. dollars in export value, respectively. This data suggests that the seafood industry is a significant contributor to the global economy, with a growing market size and prominent exporting countries.

In conclusion, while the provided content does not directly answer the query regarding the projection of Global GDP, it highlights the growth of the global seafood market, which is a vital sector of the global economy. From a global perspective, the growth of the seafood market is a positive indicator, suggesting an increasing demand for seafood products, which could contribute to the overall growth of the global economy. However, a comprehensive analysis of global economic indicators would be required to provide an accurate projection of Global GDP.",1,2,ererer
